month/year,Running Total,Monthly Net Flow
8/2013,12550.93768393,12550.93768393
9/2013,13454.62305753,903.68537360
10/2013(incomplete),13608.02278724,153.39972971
